{"name":"SmartContact","classpathEntries":[{"kind":"binary","path":"C:\\Program Files\\Java\\jdk1.8.0_251\\jre\\lib\\resources.jar","javadocContainerUrl":"https://docs.oracle.com/javase/1/docs/api/","isSystem":true,"isOwn":false,"isTest":false,"isJavaContent":false},{"kind":"binary","path":"C:\\Program Files\\Java\\jdk1.8.0_251\\jre\\lib\\rt.jar","javadocContainerUrl":"https://docs.oracle.com/javase/1/docs/api/","isSystem":true,"isOwn":false,"isTest":false,"isJavaContent":false},{"kind":"binary","path":"C:\\Program Files\\Java\\jdk1.8.0_251\\jre\\lib\\jsse.jar","javadocContainerUrl":"https://docs.oracle.com/javase/1/docs/api/","isSystem":true,"isOwn":false,"isTest":false,"isJavaContent":false},{"kind":"binary","path":"C:\\Program Files\\Java\\jdk1.8.0_251\\jre\\lib\\jce.jar","javadocContainerUrl":"https://docs.oracle.com/javase/1/docs/api/","isSystem":true,"isOwn":false,"isTest":false,"isJavaContent":false},{"kind":"binary","path":"C:\\Program Files\\Java\\jdk1.8.0_251\\jre\\lib\\charsets.jar","javadocContainerUrl":"https://docs.oracle.com/javase/1/docs/api/","isSystem":true,"isOwn":false,"isTest":false,"isJavaContent":false},{"kind":"binary","path":"C:\\Program Files\\Java\\jdk1.8.0_251\\jre\\lib\\jfr.jar","javadocContainerUrl":"https://docs.oracle.com/javase/1/docs/api/","isSystem":true,"isOwn":false,"isTest":false,"isJavaContent":false},{"kind":"binary","path":"C:\\Users\\Shree\\.m2\\repository\\org\\springframework\\boot\\spring-boot-starter-data-jpa\\2.4.5\\spring-boot-starter-data-jpa-2.4.5.jar","sourceContainerUrl":"file:/C:/Users/Shree/.m2/repository/org/springframework/boot/spring-boot-starter-data-jpa/2.4.5/spring-boot-starter-data-jpa-2.4.5-sources.jar","javadocContainerUrl":"file:/C:/Users/Shree/.m2/repository/org/springframework/boot/spring-boot-starter-data-jpa/2.4.5/spring-boot-starter-data-jpa-2.4.5-javadoc.jar","isSystem":false,"isOwn":false,"isTest":false,"isJavaContent":false},{"kind":"binary","path":"C:\\Users\\Shree\\.m2\\repository\\org\\springframework\\boot\\spring-boot-starter-aop\\2.4.5\\spring-boot-starter-aop-2.4.5.jar","sourceContainerUrl":"file:/C:/Users/Shree/.m2/repository/org/springframework/boot/spring-boot-starter-aop/2.4.5/spring-boot-starter-aop-2.4.5-sources.jar","javadocContainerUrl":"file:/C:/Users/Shree/.m2/repository/org/springframework/boot/spring-boot-starter-aop/2.4.5/spring-boot-starter-aop-2.4.5-javadoc.jar","isSystem":false,"isOwn":false,"isTest":false,"isJavaContent":false},{"kind":"binary","path":"C:\\Users\\Shree\\.m2\\repository\\org\\aspectj\\aspectjweaver\\1.9.6\\aspectjweaver-1.9.6.jar","sourceContainerUrl":"file:/C:/Users/Shree/.m2/repository/org/aspectj/aspectjweaver/1.9.6/aspectjweaver-1.9.6-sources.jar","javadocContainerUrl":"file:/C:/Users/Shree/.m2/repository/org/aspectj/aspectjweaver/1.9.6/aspectjweaver-1.9.6-javadoc.jar","isSystem":false,"isOwn":false,"isTest":false,"isJavaContent":false},{"kind":"binary","path":"C:\\Users\\Shree\\.m2\\repository\\org\\springframework\\boot\\spring-boot-starter-jdbc\\2.4.5\\spring-boot-starter-jdbc-2.4.5.jar","sourceContainerUrl":"file:/C:/Users/Shree/.m2/repository/org/springframework/boot/spring-boot-starter-jdbc/2.4.5/spring-boot-starter-jdbc-2.4.5-sources.jar","javadocContainerUrl":"file:/C:/Users/Shree/.m2/repository/org/springframework/boot/spring-boot-starter-jdbc/2.4.5/spring-boot-starter-jdbc-2.4.5-javadoc.jar","isSystem":false,"isOwn":false,"isTest":false,"isJavaContent":false},{"kind":"binary","path":"C:\\Users\\Shree\\.m2\\repository\\com\\zaxxer\\HikariCP\\3.4.5\\HikariCP-3.4.5.jar","sourceContainerUrl":"file:/C:/Users/Shree/.m2/repository/com/zaxxer/HikariCP/3.4.5/HikariCP-3.4.5-sources.jar","javadocContainerUrl":"file:/C:/Users/Shree/.m2/repository/com/zaxxer/HikariCP/3.4.5/HikariCP-3.4.5-javadoc.jar","isSystem":false,"isOwn":false,"isTest":false,"isJavaContent":false},{"kind":"binary","path":"C:\\Users\\Shree\\.m2\\repository\\org\\springframework\\spring-jdbc\\5.3.6\\spring-jdbc-5.3.6.jar","sourceContainerUrl":"file:/C:/Users/Shree/.m2/repository/org/springframework/spring-jdbc/5.3.6/spring-jdbc-5.3.6-sources.jar","javadocContainerUrl":"file:/C:/Users/Shree/.m2/repository/org/springframework/spring-jdbc/5.3.6/spring-jdbc-5.3.6-javadoc.jar","isSystem":false,"isOwn":false,"isTest":false,"isJavaContent":false},{"kind":"binary","path":"C:\\Users\\Shree\\.m2\\repository\\jakarta\\transaction\\jakarta.transaction-api\\1.3.3\\jakarta.transaction-api-1.3.3.jar","sourceContainerUrl":"file:/C:/Users/Shree/.m2/repository/jakarta/transaction/jakarta.transaction-api/1.3.3/jakarta.transaction-api-1.3.3-sources.jar","javadocContainerUrl":"file:/C:/Users/Shree/.m2/repository/jakarta/transaction/jakarta.transaction-api/1.3.3/jakarta.transaction-api-1.3.3-javadoc.jar","isSystem":false,"isOwn":false,"isTest":false,"isJavaContent":false},{"kind":"binary","path":"C:\\Users\\Shree\\.m2\\repository\\jakarta\\persistence\\jakarta.persistence-api\\2.2.3\\jakarta.persistence-api-2.2.3.jar","sourceContainerUrl":"file:/C:/Users/Shree/.m2/repository/jakarta/persistence/jakarta.persistence-api/2.2.3/jakarta.persistence-api-2.2.3-sources.jar","javadocContainerUrl":"file:/C:/Users/Shree/.m2/repository/jakarta/persistence/jakarta.persistence-api/2.2.3/jakarta.persistence-api-2.2.3-javadoc.jar","isSystem":false,"isOwn":false,"isTest":false,"isJavaContent":false},{"kind":"binary","path":"C:\\Users\\Shree\\.m2\\repository\\org\\hibernate\\hibernate-core\\5.4.30.Final\\hibernate-core-5.4.30.Final.jar","sourceContainerUrl":"file:/C:/Users/Shree/.m2/repository/org/hibernate/hibernate-core/5.4.30.Final/hibernate-core-5.4.30.Final-sources.jar","javadocContainerUrl":"file:/C:/Users/Shree/.m2/repository/org/hibernate/hibernate-core/5.4.30.Final/hibernate-core-5.4.30.Final-javadoc.jar","isSystem":false,"isOwn":false,"isTest":false,"isJavaContent":false},{"kind":"binary","path":"C:\\Users\\Shree\\.m2\\repository\\org\\javassist\\javassist\\3.27.0-GA\\javassist-3.27.0-GA.jar","sourceContainerUrl":"file:/C:/Users/Shree/.m2/repository/org/javassist/javassist/3.27.0-GA/javassist-3.27.0-GA-sources.jar","javadocContainerUrl":"file:/C:/Users/Shree/.m2/repository/org/javassist/javassist/3.27.0-GA/javassist-3.27.0-GA-javadoc.jar","isSystem":false,"isOwn":false,"isTest":false,"isJavaContent":false},{"kind":"binary","path":"C:\\Users\\Shree\\.m2\\repository\\net\\bytebuddy\\byte-buddy\\1.10.22\\byte-buddy-1.10.22.jar","sourceContainerUrl":"file:/C:/Users/Shree/.m2/repository/net/bytebuddy/byte-buddy/1.10.22/byte-buddy-1.10.22-sources.jar","javadocContainerUrl":"file:/C:/Users/Shree/.m2/repository/net/bytebuddy/byte-buddy/1.10.22/byte-buddy-1.10.22-javadoc.jar","isSystem":false,"isOwn":false,"isTest":false,"isJavaContent":false},{"kind":"binary","path":"C:\\Users\\Shree\\.m2\\repository\\antlr\\antlr\\2.7.7\\antlr-2.7.7.jar","isSystem":false,"isOwn":false,"isTest":false,"isJavaContent":false},{"kind":"binary","path":"C:\\Users\\Shree\\.m2\\repository\\org\\jboss\\jandex\\2.2.3.Final\\jandex-2.2.3.Final.jar","sourceContainerUrl":"file:/C:/Users/Shree/.m2/repository/org/jboss/jandex/2.2.3.Final/jandex-2.2.3.Final-sources.jar","isSystem":false,"isOwn":false,"isTest":false,"isJavaContent":false},{"kind":"binary","path":"C:\\Users\\Shree\\.m2\\repository\\org\\dom4j\\dom4j\\2.1.3\\dom4j-2.1.3.jar","sourceContainerUrl":"file:/C:/Users/Shree/.m2/repository/org/dom4j/dom4j/2.1.3/dom4j-2.1.3-sources.jar","javadocContainerUrl":"file:/C:/Users/Shree/.m2/repository/org/dom4j/dom4j/2.1.3/dom4j-2.1.3-javadoc.jar","isSystem":false,"isOwn":false,"isTest":false,"isJavaContent":false},{"kind":"binary","path":"C:\\Users\\Shree\\.m2\\repository\\org\\hibernate\\common\\hibernate-commons-annotations\\5.1.2.Final\\hibernate-commons-annotations-5.1.2.Final.jar","sourceContainerUrl":"file:/C:/Users/Shree/.m2/repository/org/hibernate/common/hibernate-commons-annotations/5.1.2.Final/hibernate-commons-annotations-5.1.2.Final-sources.jar","isSystem":false,"isOwn":false,"isTest":false,"isJavaContent":false},{"kind":"binary","path":"C:\\Users\\Shree\\.m2\\repository\\org\\glassfish\\jaxb\\jaxb-runtime\\2.3.4\\jaxb-runtime-2.3.4.jar","sourceContainerUrl":"file:/C:/Users/Shree/.m2/repository/org/glassfish/jaxb/jaxb-runtime/2.3.4/jaxb-runtime-2.3.4-sources.jar","javadocContainerUrl":"file:/C:/Users/Shree/.m2/repository/org/glassfish/jaxb/jaxb-runtime/2.3.4/jaxb-runtime-2.3.4-javadoc.jar","isSystem":false,"isOwn":false,"isTest":false,"isJavaContent":false},{"kind":"binary","path":"C:\\Users\\Shree\\.m2\\repository\\org\\glassfish\\jaxb\\txw2\\2.3.4\\txw2-2.3.4.jar","sourceContainerUrl":"file:/C:/Users/Shree/.m2/repository/org/glassfish/jaxb/txw2/2.3.4/txw2-2.3.4-sources.jar","javadocContainerUrl":"file:/C:/Users/Shree/.m2/repository/org/glassfish/jaxb/txw2/2.3.4/txw2-2.3.4-javadoc.jar","isSystem":false,"isOwn":false,"isTest":false,"isJavaContent":false},{"kind":"binary","path":"C:\\Users\\Shree\\.m2\\repository\\com\\sun\\istack\\istack-commons-runtime\\3.0.12\\istack-commons-runtime-3.0.12.jar","sourceContainerUrl":"file:/C:/Users/Shree/.m2/repository/com/sun/istack/istack-commons-runtime/3.0.12/istack-commons-runtime-3.0.12-sources.jar","javadocContainerUrl":"file:/C:/Users/Shree/.m2/repository/com/sun/istack/istack-commons-runtime/3.0.12/istack-commons-runtime-3.0.12-javadoc.jar","isSystem":false,"isOwn":false,"isTest":false,"isJavaContent":false},{"kind":"binary","path":"C:\\Users\\Shree\\.m2\\repository\\com\\sun\\activation\\jakarta.activation\\1.2.2\\jakarta.activation-1.2.2.jar","sourceContainerUrl":"file:/C:/Users/Shree/.m2/repository/com/sun/activation/jakarta.activation/1.2.2/jakarta.activation-1.2.2-sources.jar","javadocContainerUrl":"file:/C:/Users/Shree/.m2/repository/com/sun/activation/jakarta.activation/1.2.2/jakarta.activation-1.2.2-javadoc.jar","isSystem":false,"isOwn":false,"isTest":false,"isJavaContent":false},{"kind":"binary","path":"C:\\Users\\Shree\\.m2\\repository\\org\\springframework\\data\\spring-data-jpa\\2.4.8\\spring-data-jpa-2.4.8.jar","sourceContainerUrl":"file:/C:/Users/Shree/.m2/repository/org/springframework/data/spring-data-jpa/2.4.8/spring-data-jpa-2.4.8-sources.jar","javadocContainerUrl":"file:/C:/Users/Shree/.m2/repository/org/springframework/data/spring-data-jpa/2.4.8/spring-data-jpa-2.4.8-javadoc.jar","isSystem":false,"isOwn":false,"isTest":false,"isJavaContent":false},{"kind":"binary","path":"C:\\Users\\Shree\\.m2\\repository\\org\\springframework\\data\\spring-data-commons\\2.4.8\\spring-data-commons-2.4.8.jar","sourceContainerUrl":"file:/C:/Users/Shree/.m2/repository/org/springframework/data/spring-data-commons/2.4.8/spring-data-commons-2.4.8-sources.jar","javadocContainerUrl":"file:/C:/Users/Shree/.m2/repository/org/springframework/data/spring-data-commons/2.4.8/spring-data-commons-2.4.8-javadoc.jar","isSystem":false,"isOwn":false,"isTest":false,"isJavaContent":false},{"kind":"binary","path":"C:\\Users\\Shree\\.m2\\repository\\org\\springframework\\spring-orm\\5.3.6\\spring-orm-5.3.6.jar","sourceContainerUrl":"file:/C:/Users/Shree/.m2/repository/org/springframework/spring-orm/5.3.6/spring-orm-5.3.6-sources.jar","javadocContainerUrl":"file:/C:/Users/Shree/.m2/repository/org/springframework/spring-orm/5.3.6/spring-orm-5.3.6-javadoc.jar","isSystem":false,"isOwn":false,"isTest":false,"isJavaContent":false},{"kind":"binary","path":"C:\\Users\\Shree\\.m2\\repository\\org\\springframework\\spring-context\\5.3.6\\spring-context-5.3.6.jar","sourceContainerUrl":"file:/C:/Users/Shree/.m2/repository/org/springframework/spring-context/5.3.6/spring-context-5.3.6-sources.jar","javadocContainerUrl":"file:/C:/Users/Shree/.m2/repository/org/springframework/spring-context/5.3.6/spring-context-5.3.6-javadoc.jar","isSystem":false,"isOwn":false,"isTest":false,"isJavaContent":false},{"kind":"binary","path":"C:\\Users\\Shree\\.m2\\repository\\org\\springframework\\spring-tx\\5.3.6\\spring-tx-5.3.6.jar","sourceContainerUrl":"file:/C:/Users/Shree/.m2/repository/org/springframework/spring-tx/5.3.6/spring-tx-5.3.6-sources.jar","javadocContainerUrl":"file:/C:/Users/Shree/.m2/repository/org/springframework/spring-tx/5.3.6/spring-tx-5.3.6-javadoc.jar","isSystem":false,"isOwn":false,"isTest":false,"isJavaContent":false},{"kind":"binary","path":"C:\\Users\\Shree\\.m2\\repository\\org\\springframework\\spring-beans\\5.3.6\\spring-beans-5.3.6.jar","sourceContainerUrl":"file:/C:/Users/Shree/.m2/repository/org/springframework/spring-beans/5.3.6/spring-beans-5.3.6-sources.jar","javadocContainerUrl":"file:/C:/Users/Shree/.m2/repository/org/springframework/spring-beans/5.3.6/spring-beans-5.3.6-javadoc.jar","isSystem":false,"isOwn":false,"isTest":false,"isJavaContent":false},{"kind":"binary","path":"C:\\Users\\Shree\\.m2\\repository\\org\\slf4j\\slf4j-api\\1.7.30\\slf4j-api-1.7.30.jar","sourceContainerUrl":"file:/C:/Users/Shree/.m2/repository/org/slf4j/slf4j-api/1.7.30/slf4j-api-1.7.30-sources.jar","javadocContainerUrl":"file:/C:/Users/Shree/.m2/repository/org/slf4j/slf4j-api/1.7.30/slf4j-api-1.7.30-javadoc.jar","isSystem":false,"isOwn":false,"isTest":false,"isJavaContent":false},{"kind":"binary","path":"C:\\Users\\Shree\\.m2\\repository\\org\\springframework\\spring-aspects\\5.3.6\\spring-aspects-5.3.6.jar","sourceContainerUrl":"file:/C:/Users/Shree/.m2/repository/org/springframework/spring-aspects/5.3.6/spring-aspects-5.3.6-sources.jar","javadocContainerUrl":"file:/C:/Users/Shree/.m2/repository/org/springframework/spring-aspects/5.3.6/spring-aspects-5.3.6-javadoc.jar","isSystem":false,"isOwn":false,"isTest":false,"isJavaContent":false},{"kind":"binary","path":"C:\\Users\\Shree\\.m2\\repository\\org\\springframework\\boot\\spring-boot-starter-thymeleaf\\2.4.5\\spring-boot-starter-thymeleaf-2.4.5.jar","sourceContainerUrl":"file:/C:/Users/Shree/.m2/repository/org/springframework/boot/spring-boot-starter-thymeleaf/2.4.5/spring-boot-starter-thymeleaf-2.4.5-sources.jar","javadocContainerUrl":"file:/C:/Users/Shree/.m2/repository/org/springframework/boot/spring-boot-starter-thymeleaf/2.4.5/spring-boot-starter-thymeleaf-2.4.5-javadoc.jar","isSystem":false,"isOwn":false,"isTest":false,"isJavaContent":false},{"kind":"binary","path":"C:\\Users\\Shree\\.m2\\repository\\org\\springframework\\boot\\spring-boot-starter\\2.4.5\\spring-boot-starter-2.4.5.jar","sourceContainerUrl":"file:/C:/Users/Shree/.m2/repository/org/springframework/boot/spring-boot-starter/2.4.5/spring-boot-starter-2.4.5-sources.jar","javadocContainerUrl":"file:/C:/Users/Shree/.m2/repository/org/springframework/boot/spring-boot-starter/2.4.5/spring-boot-starter-2.4.5-javadoc.jar","isSystem":false,"isOwn":false,"isTest":false,"isJavaContent":false},{"kind":"binary","path":"C:\\Users\\Shree\\.m2\\repository\\org\\springframework\\boot\\spring-boot-starter-logging\\2.4.5\\spring-boot-starter-logging-2.4.5.jar","sourceContainerUrl":"file:/C:/Users/Shree/.m2/repository/org/springframework/boot/spring-boot-starter-logging/2.4.5/spring-boot-starter-logging-2.4.5-sources.jar","javadocContainerUrl":"file:/C:/Users/Shree/.m2/repository/org/springframework/boot/spring-boot-starter-logging/2.4.5/spring-boot-starter-logging-2.4.5-javadoc.jar","isSystem":false,"isOwn":false,"isTest":false,"isJavaContent":false},{"kind":"binary","path":"C:\\Users\\Shree\\.m2\\repository\\ch\\qos\\logback\\logback-classic\\1.2.3\\logback-classic-1.2.3.jar","sourceContainerUrl":"file:/C:/Users/Shree/.m2/repository/ch/qos/logback/logback-classic/1.2.3/logback-classic-1.2.3-sources.jar","javadocContainerUrl":"file:/C:/Users/Shree/.m2/repository/ch/qos/logback/logback-classic/1.2.3/logback-classic-1.2.3-javadoc.jar","isSystem":false,"isOwn":false,"isTest":false,"isJavaContent":false},{"kind":"binary","path":"C:\\Users\\Shree\\.m2\\repository\\ch\\qos\\logback\\logback-core\\1.2.3\\logback-core-1.2.3.jar","sourceContainerUrl":"file:/C:/Users/Shree/.m2/repository/ch/qos/logback/logback-core/1.2.3/logback-core-1.2.3-sources.jar","javadocContainerUrl":"file:/C:/Users/Shree/.m2/repository/ch/qos/logback/logback-core/1.2.3/logback-core-1.2.3-javadoc.jar","isSystem":false,"isOwn":false,"isTest":false,"isJavaContent":false},{"kind":"binary","path":"C:\\Users\\Shree\\.m2\\repository\\org\\apache\\logging\\log4j\\log4j-to-slf4j\\2.13.3\\log4j-to-slf4j-2.13.3.jar","sourceContainerUrl":"file:/C:/Users/Shree/.m2/repository/org/apache/logging/log4j/log4j-to-slf4j/2.13.3/log4j-to-slf4j-2.13.3-sources.jar","javadocContainerUrl":"file:/C:/Users/Shree/.m2/repository/org/apache/logging/log4j/log4j-to-slf4j/2.13.3/log4j-to-slf4j-2.13.3-javadoc.jar","isSystem":false,"isOwn":false,"isTest":false,"isJavaContent":false},{"kind":"binary","path":"C:\\Users\\Shree\\.m2\\repository\\org\\apache\\logging\\log4j\\log4j-api\\2.13.3\\log4j-api-2.13.3.jar","sourceContainerUrl":"file:/C:/Users/Shree/.m2/repository/org/apache/logging/log4j/log4j-api/2.13.3/log4j-api-2.13.3-sources.jar","javadocContainerUrl":"file:/C:/Users/Shree/.m2/repository/org/apache/logging/log4j/log4j-api/2.13.3/log4j-api-2.13.3-javadoc.jar","isSystem":false,"isOwn":false,"isTest":false,"isJavaContent":false},{"kind":"binary","path":"C:\\Users\\Shree\\.m2\\repository\\org\\slf4j\\jul-to-slf4j\\1.7.30\\jul-to-slf4j-1.7.30.jar","sourceContainerUrl":"file:/C:/Users/Shree/.m2/repository/org/slf4j/jul-to-slf4j/1.7.30/jul-to-slf4j-1.7.30-sources.jar","javadocContainerUrl":"file:/C:/Users/Shree/.m2/repository/org/slf4j/jul-to-slf4j/1.7.30/jul-to-slf4j-1.7.30-javadoc.jar","isSystem":false,"isOwn":false,"isTest":false,"isJavaContent":false},{"kind":"binary","path":"C:\\Users\\Shree\\.m2\\repository\\jakarta\\annotation\\jakarta.annotation-api\\1.3.5\\jakarta.annotation-api-1.3.5.jar","sourceContainerUrl":"file:/C:/Users/Shree/.m2/repository/jakarta/annotation/jakarta.annotation-api/1.3.5/jakarta.annotation-api-1.3.5-sources.jar","javadocContainerUrl":"file:/C:/Users/Shree/.m2/repository/jakarta/annotation/jakarta.annotation-api/1.3.5/jakarta.annotation-api-1.3.5-javadoc.jar","isSystem":false,"isOwn":false,"isTest":false,"isJavaContent":false},{"kind":"binary","path":"C:\\Users\\Shree\\.m2\\repository\\org\\yaml\\snakeyaml\\1.27\\snakeyaml-1.27.jar","sourceContainerUrl":"file:/C:/Users/Shree/.m2/repository/org/yaml/snakeyaml/1.27/snakeyaml-1.27-sources.jar","javadocContainerUrl":"file:/C:/Users/Shree/.m2/repository/org/yaml/snakeyaml/1.27/snakeyaml-1.27-javadoc.jar","isSystem":false,"isOwn":false,"isTest":false,"isJavaContent":false},{"kind":"binary","path":"C:\\Users\\Shree\\.m2\\repository\\org\\thymeleaf\\thymeleaf-spring5\\3.0.12.RELEASE\\thymeleaf-spring5-3.0.12.RELEASE.jar","sourceContainerUrl":"file:/C:/Users/Shree/.m2/repository/org/thymeleaf/thymeleaf-spring5/3.0.12.RELEASE/thymeleaf-spring5-3.0.12.RELEASE-sources.jar","javadocContainerUrl":"file:/C:/Users/Shree/.m2/repository/org/thymeleaf/thymeleaf-spring5/3.0.12.RELEASE/thymeleaf-spring5-3.0.12.RELEASE-javadoc.jar","isSystem":false,"isOwn":false,"isTest":false,"isJavaContent":false},{"kind":"binary","path":"C:\\Users\\Shree\\.m2\\repository\\org\\thymeleaf\\thymeleaf\\3.0.12.RELEASE\\thymeleaf-3.0.12.RELEASE.jar","sourceContainerUrl":"file:/C:/Users/Shree/.m2/repository/org/thymeleaf/thymeleaf/3.0.12.RELEASE/thymeleaf-3.0.12.RELEASE-sources.jar","javadocContainerUrl":"file:/C:/Users/Shree/.m2/repository/org/thymeleaf/thymeleaf/3.0.12.RELEASE/thymeleaf-3.0.12.RELEASE-javadoc.jar","isSystem":false,"isOwn":false,"isTest":false,"isJavaContent":false},{"kind":"binary","path":"C:\\Users\\Shree\\.m2\\repository\\org\\attoparser\\attoparser\\2.0.5.RELEASE\\attoparser-2.0.5.RELEASE.jar","sourceContainerUrl":"file:/C:/Users/Shree/.m2/repository/org/attoparser/attoparser/2.0.5.RELEASE/attoparser-2.0.5.RELEASE-sources.jar","javadocContainerUrl":"file:/C:/Users/Shree/.m2/repository/org/attoparser/attoparser/2.0.5.RELEASE/attoparser-2.0.5.RELEASE-javadoc.jar","isSystem":false,"isOwn":false,"isTest":false,"isJavaContent":false},{"kind":"binary","path":"C:\\Users\\Shree\\.m2\\repository\\org\\unbescape\\unbescape\\1.1.6.RELEASE\\unbescape-1.1.6.RELEASE.jar","sourceContainerUrl":"file:/C:/Users/Shree/.m2/repository/org/unbescape/unbescape/1.1.6.RELEASE/unbescape-1.1.6.RELEASE-sources.jar","javadocContainerUrl":"file:/C:/Users/Shree/.m2/repository/org/unbescape/unbescape/1.1.6.RELEASE/unbescape-1.1.6.RELEASE-javadoc.jar","isSystem":false,"isOwn":false,"isTest":false,"isJavaContent":false},{"kind":"binary","path":"C:\\Users\\Shree\\.m2\\repository\\org\\thymeleaf\\extras\\thymeleaf-extras-java8time\\3.0.4.RELEASE\\thymeleaf-extras-java8time-3.0.4.RELEASE.jar","sourceContainerUrl":"file:/C:/Users/Shree/.m2/repository/org/thymeleaf/extras/thymeleaf-extras-java8time/3.0.4.RELEASE/thymeleaf-extras-java8time-3.0.4.RELEASE-sources.jar","javadocContainerUrl":"file:/C:/Users/Shree/.m2/repository/org/thymeleaf/extras/thymeleaf-extras-java8time/3.0.4.RELEASE/thymeleaf-extras-java8time-3.0.4.RELEASE-javadoc.jar","isSystem":false,"isOwn":false,"isTest":false,"isJavaContent":false},{"kind":"binary","path":"C:\\Users\\Shree\\.m2\\repository\\org\\springframework\\boot\\spring-boot-starter-web\\2.4.5\\spring-boot-starter-web-2.4.5.jar","sourceContainerUrl":"file:/C:/Users/Shree/.m2/repository/org/springframework/boot/spring-boot-starter-web/2.4.5/spring-boot-starter-web-2.4.5-sources.jar","javadocContainerUrl":"file:/C:/Users/Shree/.m2/repository/org/springframework/boot/spring-boot-starter-web/2.4.5/spring-boot-starter-web-2.4.5-javadoc.jar","isSystem":false,"isOwn":false,"isTest":false,"isJavaContent":false},{"kind":"binary","path":"C:\\Users\\Shree\\.m2\\repository\\org\\springframework\\boot\\spring-boot-starter-json\\2.4.5\\spring-boot-starter-json-2.4.5.jar","sourceContainerUrl":"file:/C:/Users/Shree/.m2/repository/org/springframework/boot/spring-boot-starter-json/2.4.5/spring-boot-starter-json-2.4.5-sources.jar","javadocContainerUrl":"file:/C:/Users/Shree/.m2/repository/org/springframework/boot/spring-boot-starter-json/2.4.5/spring-boot-starter-json-2.4.5-javadoc.jar","isSystem":false,"isOwn":false,"isTest":false,"isJavaContent":false},{"kind":"binary","path":"C:\\Users\\Shree\\.m2\\repository\\com\\fasterxml\\jackson\\core\\jackson-databind\\2.11.4\\jackson-databind-2.11.4.jar","sourceContainerUrl":"file:/C:/Users/Shree/.m2/repository/com/fasterxml/jackson/core/jackson-databind/2.11.4/jackson-databind-2.11.4-sources.jar","javadocContainerUrl":"file:/C:/Users/Shree/.m2/repository/com/fasterxml/jackson/core/jackson-databind/2.11.4/jackson-databind-2.11.4-javadoc.jar","isSystem":false,"isOwn":false,"isTest":false,"isJavaContent":false},{"kind":"binary","path":"C:\\Users\\Shree\\.m2\\repository\\com\\fasterxml\\jackson\\core\\jackson-annotations\\2.11.4\\jackson-annotations-2.11.4.jar","sourceContainerUrl":"file:/C:/Users/Shree/.m2/repository/com/fasterxml/jackson/core/jackson-annotations/2.11.4/jackson-annotations-2.11.4-sources.jar","javadocContainerUrl":"file:/C:/Users/Shree/.m2/repository/com/fasterxml/jackson/core/jackson-annotations/2.11.4/jackson-annotations-2.11.4-javadoc.jar","isSystem":false,"isOwn":false,"isTest":false,"isJavaContent":false},{"kind":"binary","path":"C:\\Users\\Shree\\.m2\\repository\\com\\fasterxml\\jackson\\core\\jackson-core\\2.11.4\\jackson-core-2.11.4.jar","sourceContainerUrl":"file:/C:/Users/Shree/.m2/repository/com/fasterxml/jackson/core/jackson-core/2.11.4/jackson-core-2.11.4-sources.jar","javadocContainerUrl":"file:/C:/Users/Shree/.m2/repository/com/fasterxml/jackson/core/jackson-core/2.11.4/jackson-core-2.11.4-javadoc.jar","isSystem":false,"isOwn":false,"isTest":false,"isJavaContent":false},{"kind":"binary","path":"C:\\Users\\Shree\\.m2\\repository\\com\\fasterxml\\jackson\\datatype\\jackson-datatype-jdk8\\2.11.4\\jackson-datatype-jdk8-2.11.4.jar","sourceContainerUrl":"file:/C:/Users/Shree/.m2/repository/com/fasterxml/jackson/datatype/jackson-datatype-jdk8/2.11.4/jackson-datatype-jdk8-2.11.4-sources.jar","javadocContainerUrl":"file:/C:/Users/Shree/.m2/repository/com/fasterxml/jackson/datatype/jackson-datatype-jdk8/2.11.4/jackson-datatype-jdk8-2.11.4-javadoc.jar","isSystem":false,"isOwn":false,"isTest":false,"isJavaContent":false},{"kind":"binary","path":"C:\\Users\\Shree\\.m2\\repository\\com\\fasterxml\\jackson\\datatype\\jackson-datatype-jsr310\\2.11.4\\jackson-datatype-jsr310-2.11.4.jar","sourceContainerUrl":"file:/C:/Users/Shree/.m2/repository/com/fasterxml/jackson/datatype/jackson-datatype-jsr310/2.11.4/jackson-datatype-jsr310-2.11.4-sources.jar","javadocContainerUrl":"file:/C:/Users/Shree/.m2/repository/com/fasterxml/jackson/datatype/jackson-datatype-jsr310/2.11.4/jackson-datatype-jsr310-2.11.4-javadoc.jar","isSystem":false,"isOwn":false,"isTest":false,"isJavaContent":false},{"kind":"binary","path":"C:\\Users\\Shree\\.m2\\repository\\com\\fasterxml\\jackson\\module\\jackson-module-parameter-names\\2.11.4\\jackson-module-parameter-names-2.11.4.jar","sourceContainerUrl":"file:/C:/Users/Shree/.m2/repository/com/fasterxml/jackson/module/jackson-module-parameter-names/2.11.4/jackson-module-parameter-names-2.11.4-sources.jar","javadocContainerUrl":"file:/C:/Users/Shree/.m2/repository/com/fasterxml/jackson/module/jackson-module-parameter-names/2.11.4/jackson-module-parameter-names-2.11.4-javadoc.jar","isSystem":false,"isOwn":false,"isTest":false,"isJavaContent":false},{"kind":"binary","path":"C:\\Users\\Shree\\.m2\\repository\\org\\springframework\\boot\\spring-boot-starter-tomcat\\2.4.5\\spring-boot-starter-tomcat-2.4.5.jar","sourceContainerUrl":"file:/C:/Users/Shree/.m2/repository/org/springframework/boot/spring-boot-starter-tomcat/2.4.5/spring-boot-starter-tomcat-2.4.5-sources.jar","javadocContainerUrl":"file:/C:/Users/Shree/.m2/repository/org/springframework/boot/spring-boot-starter-tomcat/2.4.5/spring-boot-starter-tomcat-2.4.5-javadoc.jar","isSystem":false,"isOwn":false,"isTest":false,"isJavaContent":false},{"kind":"binary","path":"C:\\Users\\Shree\\.m2\\repository\\org\\apache\\tomcat\\embed\\tomcat-embed-core\\9.0.45\\tomcat-embed-core-9.0.45.jar","sourceContainerUrl":"file:/C:/Users/Shree/.m2/repository/org/apache/tomcat/embed/tomcat-embed-core/9.0.45/tomcat-embed-core-9.0.45-sources.jar","isSystem":false,"isOwn":false,"isTest":false,"isJavaContent":false},{"kind":"binary","path":"C:\\Users\\Shree\\.m2\\repository\\org\\glassfish\\jakarta.el\\3.0.3\\jakarta.el-3.0.3.jar","sourceContainerUrl":"file:/C:/Users/Shree/.m2/repository/org/glassfish/jakarta.el/3.0.3/jakarta.el-3.0.3-sources.jar","javadocContainerUrl":"file:/C:/Users/Shree/.m2/repository/org/glassfish/jakarta.el/3.0.3/jakarta.el-3.0.3-javadoc.jar","isSystem":false,"isOwn":false,"isTest":false,"isJavaContent":false},{"kind":"binary","path":"C:\\Users\\Shree\\.m2\\repository\\org\\apache\\tomcat\\embed\\tomcat-embed-websocket\\9.0.45\\tomcat-embed-websocket-9.0.45.jar","sourceContainerUrl":"file:/C:/Users/Shree/.m2/repository/org/apache/tomcat/embed/tomcat-embed-websocket/9.0.45/tomcat-embed-websocket-9.0.45-sources.jar","isSystem":false,"isOwn":false,"isTest":false,"isJavaContent":false},{"kind":"binary","path":"C:\\Users\\Shree\\.m2\\repository\\org\\springframework\\spring-web\\5.3.6\\spring-web-5.3.6.jar","sourceContainerUrl":"file:/C:/Users/Shree/.m2/repository/org/springframework/spring-web/5.3.6/spring-web-5.3.6-sources.jar","javadocContainerUrl":"file:/C:/Users/Shree/.m2/repository/org/springframework/spring-web/5.3.6/spring-web-5.3.6-javadoc.jar","isSystem":false,"isOwn":false,"isTest":false,"isJavaContent":false},{"kind":"binary","path":"C:\\Users\\Shree\\.m2\\repository\\org\\springframework\\spring-webmvc\\5.3.6\\spring-webmvc-5.3.6.jar","sourceContainerUrl":"file:/C:/Users/Shree/.m2/repository/org/springframework/spring-webmvc/5.3.6/spring-webmvc-5.3.6-sources.jar","javadocContainerUrl":"file:/C:/Users/Shree/.m2/repository/org/springframework/spring-webmvc/5.3.6/spring-webmvc-5.3.6-javadoc.jar","isSystem":false,"isOwn":false,"isTest":false,"isJavaContent":false},{"kind":"binary","path":"C:\\Users\\Shree\\.m2\\repository\\org\\springframework\\spring-expression\\5.3.6\\spring-expression-5.3.6.jar","sourceContainerUrl":"file:/C:/Users/Shree/.m2/repository/org/springframework/spring-expression/5.3.6/spring-expression-5.3.6-sources.jar","javadocContainerUrl":"file:/C:/Users/Shree/.m2/repository/org/springframework/spring-expression/5.3.6/spring-expression-5.3.6-javadoc.jar","isSystem":false,"isOwn":false,"isTest":false,"isJavaContent":false},{"kind":"binary","path":"C:\\Users\\Shree\\.m2\\repository\\org\\springframework\\boot\\spring-boot-devtools\\2.4.5\\spring-boot-devtools-2.4.5.jar","sourceContainerUrl":"file:/C:/Users/Shree/.m2/repository/org/springframework/boot/spring-boot-devtools/2.4.5/spring-boot-devtools-2.4.5-sources.jar","javadocContainerUrl":"file:/C:/Users/Shree/.m2/repository/org/springframework/boot/spring-boot-devtools/2.4.5/spring-boot-devtools-2.4.5-javadoc.jar","isSystem":false,"isOwn":false,"isTest":false,"isJavaContent":false},{"kind":"binary","path":"C:\\Users\\Shree\\.m2\\repository\\org\\springframework\\boot\\spring-boot\\2.4.5\\spring-boot-2.4.5.jar","sourceContainerUrl":"file:/C:/Users/Shree/.m2/repository/org/springframework/boot/spring-boot/2.4.5/spring-boot-2.4.5-sources.jar","javadocContainerUrl":"file:/C:/Users/Shree/.m2/repository/org/springframework/boot/spring-boot/2.4.5/spring-boot-2.4.5-javadoc.jar","isSystem":false,"isOwn":false,"isTest":false,"isJavaContent":false},{"kind":"binary","path":"C:\\Users\\Shree\\.m2\\repository\\org\\springframework\\boot\\spring-boot-autoconfigure\\2.4.5\\spring-boot-autoconfigure-2.4.5.jar","sourceContainerUrl":"file:/C:/Users/Shree/.m2/repository/org/springframework/boot/spring-boot-autoconfigure/2.4.5/spring-boot-autoconfigure-2.4.5-sources.jar","javadocContainerUrl":"file:/C:/Users/Shree/.m2/repository/org/springframework/boot/spring-boot-autoconfigure/2.4.5/spring-boot-autoconfigure-2.4.5-javadoc.jar","isSystem":false,"isOwn":false,"isTest":false,"isJavaContent":false},{"kind":"binary","path":"C:\\Users\\Shree\\.m2\\repository\\mysql\\mysql-connector-java\\8.0.23\\mysql-connector-java-8.0.23.jar","sourceContainerUrl":"file:/C:/Users/Shree/.m2/repository/mysql/mysql-connector-java/8.0.23/mysql-connector-java-8.0.23-sources.jar","isSystem":false,"isOwn":false,"isTest":false,"isJavaContent":false},{"kind":"binary","path":"C:\\Users\\Shree\\.m2\\repository\\org\\springframework\\boot\\spring-boot-starter-test\\2.4.5\\spring-boot-starter-test-2.4.5.jar","sourceContainerUrl":"file:/C:/Users/Shree/.m2/repository/org/springframework/boot/spring-boot-starter-test/2.4.5/spring-boot-starter-test-2.4.5-sources.jar","javadocContainerUrl":"file:/C:/Users/Shree/.m2/repository/org/springframework/boot/spring-boot-starter-test/2.4.5/spring-boot-starter-test-2.4.5-javadoc.jar","isSystem":false,"isOwn":false,"isTest":false,"isJavaContent":false},{"kind":"binary","path":"C:\\Users\\Shree\\.m2\\repository\\org\\springframework\\boot\\spring-boot-test\\2.4.5\\spring-boot-test-2.4.5.jar","sourceContainerUrl":"file:/C:/Users/Shree/.m2/repository/org/springframework/boot/spring-boot-test/2.4.5/spring-boot-test-2.4.5-sources.jar","javadocContainerUrl":"file:/C:/Users/Shree/.m2/repository/org/springframework/boot/spring-boot-test/2.4.5/spring-boot-test-2.4.5-javadoc.jar","isSystem":false,"isOwn":false,"isTest":false,"isJavaContent":false},{"kind":"binary","path":"C:\\Users\\Shree\\.m2\\repository\\org\\springframework\\boot\\spring-boot-test-autoconfigure\\2.4.5\\spring-boot-test-autoconfigure-2.4.5.jar","sourceContainerUrl":"file:/C:/Users/Shree/.m2/repository/org/springframework/boot/spring-boot-test-autoconfigure/2.4.5/spring-boot-test-autoconfigure-2.4.5-sources.jar","javadocContainerUrl":"file:/C:/Users/Shree/.m2/repository/org/springframework/boot/spring-boot-test-autoconfigure/2.4.5/spring-boot-test-autoconfigure-2.4.5-javadoc.jar","isSystem":false,"isOwn":false,"isTest":false,"isJavaContent":false},{"kind":"binary","path":"C:\\Users\\Shree\\.m2\\repository\\com\\jayway\\jsonpath\\json-path\\2.4.0\\json-path-2.4.0.jar","sourceContainerUrl":"file:/C:/Users/Shree/.m2/repository/com/jayway/jsonpath/json-path/2.4.0/json-path-2.4.0-sources.jar","javadocContainerUrl":"file:/C:/Users/Shree/.m2/repository/com/jayway/jsonpath/json-path/2.4.0/json-path-2.4.0-javadoc.jar","isSystem":false,"isOwn":false,"isTest":false,"isJavaContent":false},{"kind":"binary","path":"C:\\Users\\Shree\\.m2\\repository\\net\\minidev\\json-smart\\2.3\\json-smart-2.3.jar","sourceContainerUrl":"file:/C:/Users/Shree/.m2/repository/net/minidev/json-smart/2.3/json-smart-2.3-sources.jar","javadocContainerUrl":"file:/C:/Users/Shree/.m2/repository/net/minidev/json-smart/2.3/json-smart-2.3-javadoc.jar","isSystem":false,"isOwn":false,"isTest":false,"isJavaContent":false},{"kind":"binary","path":"C:\\Users\\Shree\\.m2\\repository\\net\\minidev\\accessors-smart\\1.2\\accessors-smart-1.2.jar","sourceContainerUrl":"file:/C:/Users/Shree/.m2/repository/net/minidev/accessors-smart/1.2/accessors-smart-1.2-sources.jar","javadocContainerUrl":"file:/C:/Users/Shree/.m2/repository/net/minidev/accessors-smart/1.2/accessors-smart-1.2-javadoc.jar","isSystem":false,"isOwn":false,"isTest":false,"isJavaContent":false},{"kind":"binary","path":"C:\\Users\\Shree\\.m2\\repository\\org\\ow2\\asm\\asm\\5.0.4\\asm-5.0.4.jar","sourceContainerUrl":"file:/C:/Users/Shree/.m2/repository/org/ow2/asm/asm/5.0.4/asm-5.0.4-sources.jar","javadocContainerUrl":"file:/C:/Users/Shree/.m2/repository/org/ow2/asm/asm/5.0.4/asm-5.0.4-javadoc.jar","isSystem":false,"isOwn":false,"isTest":false,"isJavaContent":false},{"kind":"binary","path":"C:\\Users\\Shree\\.m2\\repository\\jakarta\\xml\\bind\\jakarta.xml.bind-api\\2.3.3\\jakarta.xml.bind-api-2.3.3.jar","sourceContainerUrl":"file:/C:/Users/Shree/.m2/repository/jakarta/xml/bind/jakarta.xml.bind-api/2.3.3/jakarta.xml.bind-api-2.3.3-sources.jar","javadocContainerUrl":"file:/C:/Users/Shree/.m2/repository/jakarta/xml/bind/jakarta.xml.bind-api/2.3.3/jakarta.xml.bind-api-2.3.3-javadoc.jar","isSystem":false,"isOwn":false,"isTest":false,"isJavaContent":false},{"kind":"binary","path":"C:\\Users\\Shree\\.m2\\repository\\jakarta\\activation\\jakarta.activation-api\\1.2.2\\jakarta.activation-api-1.2.2.jar","sourceContainerUrl":"file:/C:/Users/Shree/.m2/repository/jakarta/activation/jakarta.activation-api/1.2.2/jakarta.activation-api-1.2.2-sources.jar","javadocContainerUrl":"file:/C:/Users/Shree/.m2/repository/jakarta/activation/jakarta.activation-api/1.2.2/jakarta.activation-api-1.2.2-javadoc.jar","isSystem":false,"isOwn":false,"isTest":false,"isJavaContent":false},{"kind":"binary","path":"C:\\Users\\Shree\\.m2\\repository\\org\\assertj\\assertj-core\\3.18.1\\assertj-core-3.18.1.jar","sourceContainerUrl":"file:/C:/Users/Shree/.m2/repository/org/assertj/assertj-core/3.18.1/assertj-core-3.18.1-sources.jar","javadocContainerUrl":"file:/C:/Users/Shree/.m2/repository/org/assertj/assertj-core/3.18.1/assertj-core-3.18.1-javadoc.jar","isSystem":false,"isOwn":false,"isTest":false,"isJavaContent":false},{"kind":"binary","path":"C:\\Users\\Shree\\.m2\\repository\\org\\hamcrest\\hamcrest\\2.2\\hamcrest-2.2.jar","sourceContainerUrl":"file:/C:/Users/Shree/.m2/repository/org/hamcrest/hamcrest/2.2/hamcrest-2.2-sources.jar","javadocContainerUrl":"file:/C:/Users/Shree/.m2/repository/org/hamcrest/hamcrest/2.2/hamcrest-2.2-javadoc.jar","isSystem":false,"isOwn":false,"isTest":false,"isJavaContent":false},{"kind":"binary","path":"C:\\Users\\Shree\\.m2\\repository\\org\\junit\\jupiter\\junit-jupiter\\5.7.1\\junit-jupiter-5.7.1.jar","sourceContainerUrl":"file:/C:/Users/Shree/.m2/repository/org/junit/jupiter/junit-jupiter/5.7.1/junit-jupiter-5.7.1-sources.jar","javadocContainerUrl":"file:/C:/Users/Shree/.m2/repository/org/junit/jupiter/junit-jupiter/5.7.1/junit-jupiter-5.7.1-javadoc.jar","isSystem":false,"isOwn":false,"isTest":false,"isJavaContent":false},{"kind":"binary","path":"C:\\Users\\Shree\\.m2\\repository\\org\\junit\\jupiter\\junit-jupiter-api\\5.7.1\\junit-jupiter-api-5.7.1.jar","sourceContainerUrl":"file:/C:/Users/Shree/.m2/repository/org/junit/jupiter/junit-jupiter-api/5.7.1/junit-jupiter-api-5.7.1-sources.jar","javadocContainerUrl":"file:/C:/Users/Shree/.m2/repository/org/junit/jupiter/junit-jupiter-api/5.7.1/junit-jupiter-api-5.7.1-javadoc.jar","isSystem":false,"isOwn":false,"isTest":false,"isJavaContent":false},{"kind":"binary","path":"C:\\Users\\Shree\\.m2\\repository\\org\\apiguardian\\apiguardian-api\\1.1.0\\apiguardian-api-1.1.0.jar","sourceContainerUrl":"file:/C:/Users/Shree/.m2/repository/org/apiguardian/apiguardian-api/1.1.0/apiguardian-api-1.1.0-sources.jar","javadocContainerUrl":"file:/C:/Users/Shree/.m2/repository/org/apiguardian/apiguardian-api/1.1.0/apiguardian-api-1.1.0-javadoc.jar","isSystem":false,"isOwn":false,"isTest":false,"isJavaContent":false},{"kind":"binary","path":"C:\\Users\\Shree\\.m2\\repository\\org\\opentest4j\\opentest4j\\1.2.0\\opentest4j-1.2.0.jar","sourceContainerUrl":"file:/C:/Users/Shree/.m2/repository/org/opentest4j/opentest4j/1.2.0/opentest4j-1.2.0-sources.jar","javadocContainerUrl":"file:/C:/Users/Shree/.m2/repository/org/opentest4j/opentest4j/1.2.0/opentest4j-1.2.0-javadoc.jar","isSystem":false,"isOwn":false,"isTest":false,"isJavaContent":false},{"kind":"binary","path":"C:\\Users\\Shree\\.m2\\repository\\org\\junit\\platform\\junit-platform-commons\\1.7.1\\junit-platform-commons-1.7.1.jar","sourceContainerUrl":"file:/C:/Users/Shree/.m2/repository/org/junit/platform/junit-platform-commons/1.7.1/junit-platform-commons-1.7.1-sources.jar","javadocContainerUrl":"file:/C:/Users/Shree/.m2/repository/org/junit/platform/junit-platform-commons/1.7.1/junit-platform-commons-1.7.1-javadoc.jar","isSystem":false,"isOwn":false,"isTest":false,"isJavaContent":false},{"kind":"binary","path":"C:\\Users\\Shree\\.m2\\repository\\org\\junit\\jupiter\\junit-jupiter-params\\5.7.1\\junit-jupiter-params-5.7.1.jar","sourceContainerUrl":"file:/C:/Users/Shree/.m2/repository/org/junit/jupiter/junit-jupiter-params/5.7.1/junit-jupiter-params-5.7.1-sources.jar","javadocContainerUrl":"file:/C:/Users/Shree/.m2/repository/org/junit/jupiter/junit-jupiter-params/5.7.1/junit-jupiter-params-5.7.1-javadoc.jar","isSystem":false,"isOwn":false,"isTest":false,"isJavaContent":false},{"kind":"binary","path":"C:\\Users\\Shree\\.m2\\repository\\org\\junit\\jupiter\\junit-jupiter-engine\\5.7.1\\junit-jupiter-engine-5.7.1.jar","sourceContainerUrl":"file:/C:/Users/Shree/.m2/repository/org/junit/jupiter/junit-jupiter-engine/5.7.1/junit-jupiter-engine-5.7.1-sources.jar","javadocContainerUrl":"file:/C:/Users/Shree/.m2/repository/org/junit/jupiter/junit-jupiter-engine/5.7.1/junit-jupiter-engine-5.7.1-javadoc.jar","isSystem":false,"isOwn":false,"isTest":false,"isJavaContent":false},{"kind":"binary","path":"C:\\Users\\Shree\\.m2\\repository\\org\\junit\\platform\\junit-platform-engine\\1.7.1\\junit-platform-engine-1.7.1.jar","sourceContainerUrl":"file:/C:/Users/Shree/.m2/repository/org/junit/platform/junit-platform-engine/1.7.1/junit-platform-engine-1.7.1-sources.jar","javadocContainerUrl":"file:/C:/Users/Shree/.m2/repository/org/junit/platform/junit-platform-engine/1.7.1/junit-platform-engine-1.7.1-javadoc.jar","isSystem":false,"isOwn":false,"isTest":false,"isJavaContent":false},{"kind":"binary","path":"C:\\Users\\Shree\\.m2\\repository\\org\\mockito\\mockito-core\\3.6.28\\mockito-core-3.6.28.jar","sourceContainerUrl":"file:/C:/Users/Shree/.m2/repository/org/mockito/mockito-core/3.6.28/mockito-core-3.6.28-sources.jar","javadocContainerUrl":"file:/C:/Users/Shree/.m2/repository/org/mockito/mockito-core/3.6.28/mockito-core-3.6.28-javadoc.jar","isSystem":false,"isOwn":false,"isTest":false,"isJavaContent":false},{"kind":"binary","path":"C:\\Users\\Shree\\.m2\\repository\\net\\bytebuddy\\byte-buddy-agent\\1.10.22\\byte-buddy-agent-1.10.22.jar","sourceContainerUrl":"file:/C:/Users/Shree/.m2/repository/net/bytebuddy/byte-buddy-agent/1.10.22/byte-buddy-agent-1.10.22-sources.jar","javadocContainerUrl":"file:/C:/Users/Shree/.m2/repository/net/bytebuddy/byte-buddy-agent/1.10.22/byte-buddy-agent-1.10.22-javadoc.jar","isSystem":false,"isOwn":false,"isTest":false,"isJavaContent":false},{"kind":"binary","path":"C:\\Users\\Shree\\.m2\\repository\\org\\objenesis\\objenesis\\3.1\\objenesis-3.1.jar","sourceContainerUrl":"file:/C:/Users/Shree/.m2/repository/org/objenesis/objenesis/3.1/objenesis-3.1-sources.jar","javadocContainerUrl":"file:/C:/Users/Shree/.m2/repository/org/objenesis/objenesis/3.1/objenesis-3.1-javadoc.jar","isSystem":false,"isOwn":false,"isTest":false,"isJavaContent":false},{"kind":"binary","path":"C:\\Users\\Shree\\.m2\\repository\\org\\mockito\\mockito-junit-jupiter\\3.6.28\\mockito-junit-jupiter-3.6.28.jar","sourceContainerUrl":"file:/C:/Users/Shree/.m2/repository/org/mockito/mockito-junit-jupiter/3.6.28/mockito-junit-jupiter-3.6.28-sources.jar","javadocContainerUrl":"file:/C:/Users/Shree/.m2/repository/org/mockito/mockito-junit-jupiter/3.6.28/mockito-junit-jupiter-3.6.28-javadoc.jar","isSystem":false,"isOwn":false,"isTest":false,"isJavaContent":false},{"kind":"binary","path":"C:\\Users\\Shree\\.m2\\repository\\org\\skyscreamer\\jsonassert\\1.5.0\\jsonassert-1.5.0.jar","sourceContainerUrl":"file:/C:/Users/Shree/.m2/repository/org/skyscreamer/jsonassert/1.5.0/jsonassert-1.5.0-sources.jar","javadocContainerUrl":"file:/C:/Users/Shree/.m2/repository/org/skyscreamer/jsonassert/1.5.0/jsonassert-1.5.0-javadoc.jar","isSystem":false,"isOwn":false,"isTest":false,"isJavaContent":false},{"kind":"binary","path":"C:\\Users\\Shree\\.m2\\repository\\com\\vaadin\\external\\google\\android-json\\0.0.20131108.vaadin1\\android-json-0.0.20131108.vaadin1.jar","sourceContainerUrl":"file:/C:/Users/Shree/.m2/repository/com/vaadin/external/google/android-json/0.0.20131108.vaadin1/android-json-0.0.20131108.vaadin1-sources.jar","javadocContainerUrl":"file:/C:/Users/Shree/.m2/repository/com/vaadin/external/google/android-json/0.0.20131108.vaadin1/android-json-0.0.20131108.vaadin1-javadoc.jar","isSystem":false,"isOwn":false,"isTest":false,"isJavaContent":false},{"kind":"binary","path":"C:\\Users\\Shree\\.m2\\repository\\org\\springframework\\spring-core\\5.3.6\\spring-core-5.3.6.jar","sourceContainerUrl":"file:/C:/Users/Shree/.m2/repository/org/springframework/spring-core/5.3.6/spring-core-5.3.6-sources.jar","javadocContainerUrl":"file:/C:/Users/Shree/.m2/repository/org/springframework/spring-core/5.3.6/spring-core-5.3.6-javadoc.jar","isSystem":false,"isOwn":false,"isTest":false,"isJavaContent":false},{"kind":"binary","path":"C:\\Users\\Shree\\.m2\\repository\\org\\springframework\\spring-jcl\\5.3.6\\spring-jcl-5.3.6.jar","sourceContainerUrl":"file:/C:/Users/Shree/.m2/repository/org/springframework/spring-jcl/5.3.6/spring-jcl-5.3.6-sources.jar","javadocContainerUrl":"file:/C:/Users/Shree/.m2/repository/org/springframework/spring-jcl/5.3.6/spring-jcl-5.3.6-javadoc.jar","isSystem":false,"isOwn":false,"isTest":false,"isJavaContent":false},{"kind":"binary","path":"C:\\Users\\Shree\\.m2\\repository\\org\\springframework\\spring-test\\5.3.6\\spring-test-5.3.6.jar","sourceContainerUrl":"file:/C:/Users/Shree/.m2/repository/org/springframework/spring-test/5.3.6/spring-test-5.3.6-sources.jar","javadocContainerUrl":"file:/C:/Users/Shree/.m2/repository/org/springframework/spring-test/5.3.6/spring-test-5.3.6-javadoc.jar","isSystem":false,"isOwn":false,"isTest":false,"isJavaContent":false},{"kind":"binary","path":"C:\\Users\\Shree\\.m2\\repository\\org\\xmlunit\\xmlunit-core\\2.7.0\\xmlunit-core-2.7.0.jar","sourceContainerUrl":"file:/C:/Users/Shree/.m2/repository/org/xmlunit/xmlunit-core/2.7.0/xmlunit-core-2.7.0-sources.jar","javadocContainerUrl":"file:/C:/Users/Shree/.m2/repository/org/xmlunit/xmlunit-core/2.7.0/xmlunit-core-2.7.0-javadoc.jar","isSystem":false,"isOwn":false,"isTest":false,"isJavaContent":false},{"kind":"binary","path":"C:\\Users\\Shree\\.m2\\repository\\javax\\validation\\validation-api\\2.0.1.Final\\validation-api-2.0.1.Final.jar","sourceContainerUrl":"file:/C:/Users/Shree/.m2/repository/javax/validation/validation-api/2.0.1.Final/validation-api-2.0.1.Final-sources.jar","javadocContainerUrl":"file:/C:/Users/Shree/.m2/repository/javax/validation/validation-api/2.0.1.Final/validation-api-2.0.1.Final-javadoc.jar","isSystem":false,"isOwn":false,"isTest":false,"isJavaContent":false},{"kind":"binary","path":"C:\\Users\\Shree\\.m2\\repository\\org\\hibernate\\validator\\hibernate-validator\\6.1.5.Final\\hibernate-validator-6.1.5.Final.jar","sourceContainerUrl":"file:/C:/Users/Shree/.m2/repository/org/hibernate/validator/hibernate-validator/6.1.5.Final/hibernate-validator-6.1.5.Final-sources.jar","isSystem":false,"isOwn":false,"isTest":false,"isJavaContent":false},{"kind":"binary","path":"C:\\Users\\Shree\\.m2\\repository\\jakarta\\validation\\jakarta.validation-api\\2.0.2\\jakarta.validation-api-2.0.2.jar","sourceContainerUrl":"file:/C:/Users/Shree/.m2/repository/jakarta/validation/jakarta.validation-api/2.0.2/jakarta.validation-api-2.0.2-sources.jar","javadocContainerUrl":"file:/C:/Users/Shree/.m2/repository/jakarta/validation/jakarta.validation-api/2.0.2/jakarta.validation-api-2.0.2-javadoc.jar","isSystem":false,"isOwn":false,"isTest":false,"isJavaContent":false},{"kind":"binary","path":"C:\\Users\\Shree\\.m2\\repository\\org\\jboss\\logging\\jboss-logging\\3.4.1.Final\\jboss-logging-3.4.1.Final.jar","sourceContainerUrl":"file:/C:/Users/Shree/.m2/repository/org/jboss/logging/jboss-logging/3.4.1.Final/jboss-logging-3.4.1.Final-sources.jar","javadocContainerUrl":"file:/C:/Users/Shree/.m2/repository/org/jboss/logging/jboss-logging/3.4.1.Final/jboss-logging-3.4.1.Final-javadoc.jar","isSystem":false,"isOwn":false,"isTest":false,"isJavaContent":false},{"kind":"binary","path":"C:\\Users\\Shree\\.m2\\repository\\com\\fasterxml\\classmate\\1.5.1\\classmate-1.5.1.jar","sourceContainerUrl":"file:/C:/Users/Shree/.m2/repository/com/fasterxml/classmate/1.5.1/classmate-1.5.1-sources.jar","javadocContainerUrl":"file:/C:/Users/Shree/.m2/repository/com/fasterxml/classmate/1.5.1/classmate-1.5.1-javadoc.jar","isSystem":false,"isOwn":false,"isTest":false,"isJavaContent":false},{"kind":"binary","path":"C:\\Users\\Shree\\.m2\\repository\\org\\springframework\\boot\\spring-boot-starter-security\\2.4.5\\spring-boot-starter-security-2.4.5.jar","sourceContainerUrl":"file:/C:/Users/Shree/.m2/repository/org/springframework/boot/spring-boot-starter-security/2.4.5/spring-boot-starter-security-2.4.5-sources.jar","javadocContainerUrl":"file:/C:/Users/Shree/.m2/repository/org/springframework/boot/spring-boot-starter-security/2.4.5/spring-boot-starter-security-2.4.5-javadoc.jar","isSystem":false,"isOwn":false,"isTest":false,"isJavaContent":false},{"kind":"binary","path":"C:\\Users\\Shree\\.m2\\repository\\org\\springframework\\spring-aop\\5.3.6\\spring-aop-5.3.6.jar","sourceContainerUrl":"file:/C:/Users/Shree/.m2/repository/org/springframework/spring-aop/5.3.6/spring-aop-5.3.6-sources.jar","javadocContainerUrl":"file:/C:/Users/Shree/.m2/repository/org/springframework/spring-aop/5.3.6/spring-aop-5.3.6-javadoc.jar","isSystem":false,"isOwn":false,"isTest":false,"isJavaContent":false},{"kind":"binary","path":"C:\\Users\\Shree\\.m2\\repository\\org\\springframework\\security\\spring-security-config\\5.4.6\\spring-security-config-5.4.6.jar","sourceContainerUrl":"file:/C:/Users/Shree/.m2/repository/org/springframework/security/spring-security-config/5.4.6/spring-security-config-5.4.6-sources.jar","javadocContainerUrl":"file:/C:/Users/Shree/.m2/repository/org/springframework/security/spring-security-config/5.4.6/spring-security-config-5.4.6-javadoc.jar","isSystem":false,"isOwn":false,"isTest":false,"isJavaContent":false},{"kind":"binary","path":"C:\\Users\\Shree\\.m2\\repository\\org\\springframework\\security\\spring-security-core\\5.4.6\\spring-security-core-5.4.6.jar","sourceContainerUrl":"file:/C:/Users/Shree/.m2/repository/org/springframework/security/spring-security-core/5.4.6/spring-security-core-5.4.6-sources.jar","javadocContainerUrl":"file:/C:/Users/Shree/.m2/repository/org/springframework/security/spring-security-core/5.4.6/spring-security-core-5.4.6-javadoc.jar","isSystem":false,"isOwn":false,"isTest":false,"isJavaContent":false},{"kind":"binary","path":"C:\\Users\\Shree\\.m2\\repository\\org\\springframework\\security\\spring-security-web\\5.4.6\\spring-security-web-5.4.6.jar","sourceContainerUrl":"file:/C:/Users/Shree/.m2/repository/org/springframework/security/spring-security-web/5.4.6/spring-security-web-5.4.6-sources.jar","javadocContainerUrl":"file:/C:/Users/Shree/.m2/repository/org/springframework/security/spring-security-web/5.4.6/spring-security-web-5.4.6-javadoc.jar","isSystem":false,"isOwn":false,"isTest":false,"isJavaContent":false},{"kind":"source","path":"F:\\SmartContacWebApp\\SmartContact\\src\\main\\java","outputFolder":"F:\\SmartContacWebApp\\SmartContact\\target\\classes","javadocContainerUrl":"file:/F:/SmartContacWebApp/SmartContact/target/site/apidocs","isSystem":false,"isOwn":true,"isTest":false,"isJavaContent":true},{"kind":"source","path":"F:\\SmartContacWebApp\\SmartContact\\src\\test\\java","outputFolder":"F:\\SmartContacWebApp\\SmartContact\\target\\test-classes","javadocContainerUrl":"file:/F:/SmartContacWebApp/SmartContact/target/site/apidocs","isSystem":false,"isOwn":true,"isTest":true,"isJavaContent":true},{"kind":"source","path":"F:\\SmartContacWebApp\\SmartContact\\src\\main\\resources","outputFolder":"F:\\SmartContacWebApp\\SmartContact\\target\\classes","isSystem":false,"isOwn":true,"isTest":false,"isJavaContent":false},{"kind":"source","path":"F:\\SmartContacWebApp\\SmartContact\\src\\test\\resources","outputFolder":"F:\\SmartContacWebApp\\SmartContact\\target\\test-classes","isSystem":false,"isOwn":true,"isTest":true,"isJavaContent":false},{"kind":"source","path":"F:\\SmartContacWebApp\\SmartContact\\src\\test\\java","outputFolder":"F:\\SmartContacWebApp\\SmartContact\\target\\test-classes","javadocContainerUrl":"file:/F:/SmartContacWebApp/SmartContact/target/site/apidocs","isSystem":false,"isOwn":true,"isTest":false,"isJavaContent":false}]}